event_name,group,date,link
"Chatham NJ - Art League Winter Show: Sunday, December 7, 2025 2:00-4:00pm",by Chatham / Madison Art Collective (NJ),"Sun, Dec 7 · 2:00 PM EST",NA
The Life and Works of Gustav Klimt:  Breaking the Modern Art Auction Record,by East Coast and Beyond Art Talks and Toursicon4.8,"Sun, Dec 7 · 8:00 PM EST",NA
Make Peace with Your Past through Intuitive Art,by Intuitive Art Events & Retreats for Women,"Tue, Nov 25 · 9:00 AM PST",NA
Live Walk in Oaxaca. Exploring the Heart of a Mestizo Gem,"by World Virtual Tours Phillly: FREE Online Art, History Events","Mon, Nov 24 · 6:00 PM EST",NA
JOAN MIRO: Surrealism and the Murder of Painting,"by World Virtual Tours NY: FREE Archeology, Art, History Eventsicon4.5","Sun, Nov 30 · 3:00 PM EST",NA
Jazz-inspired Art & Music Fusion,"by NOLA Jazz-Inspired Creatives, Crafts and DIY Art Group","Fri, Dec 5 · 7:00 PM EST",NA
Edouard Manet and Impressionism - Art History Livestream,by New York History and Culture - Experience NY and the Worldicon4.7,"Sat, Dec 6 · 3:00 PM EST",NA
Edouard Manet and Impressionism - Art History Livestream,"by New York Urban Explorers: Art, Food, Museums, Walks, etc.icon4.6","Sat, Dec 6 · 3:00 PM EST",NA
VATICAN MUSEUMS: The Splendor of the Galleries,"by World Virtual Tours NY: FREE Archeology, Art, History Eventsicon4.5","Tue, Nov 25 · 1:00 PM EST",NA
Guided Expressive Group Art Therapy with Stephanie,by Art Lovers Therapy Newyork Meetup Groupicon4.7,Every two weeks on Wed • Nov 26 · 7:30 PM EST,NA
PICASSO MUSEUM in Barcelona,"by World Virtual Tours NY: FREE Archeology, Art, History Eventsicon4.5","Fri, Dec 5 · 3:00 PM EST",NA
The Uffizi Gallery in Florence Virtual Tour,"by Italy Virtual Tours: Art, Culture & Beauty - New Yorkicon4.6","Fri, Nov 28 · 1:00 PM EST",NA
What's your BlueSky and Instagram?,by Men's Naked Drawing Group NYicon4.9,"Mon, Dec 1 · 9:00 AM EST",NA
A Renaissance Man: Lorenzo Ghiberti and the Gate of Paradise – Florence,"by Italy Virtual Tours: Art, Culture and Beauty - Philadelphiaicon4.6","Wed, Dec 3 · 1:00 PM EST",NA
Manage Consent Preferences,"Performance CookiesAlways ActiveThese cookies allow us to count visits and traffic sources so we can measure and improve the performance of our site. They help us to know which pages are the most and least popular and see how visitors move around the site. All information these cookies collect is aggregated and therefore anonymous. If you do not allow these cookies we will not know when you have visited our site, and will not be able to monitor its performance.",NA,NA
Cookie List,NA,NA,NA
